{"out_degree": {"edges": [2.0, 5.0, 7.0, 8.0, 9.0, 10.0, 11.0, 12.0, 13.0, 15.0, 29.0], "props": [0.05862068965517241, 0.11379310344827587, 0.08275862068965517, 0.09655172413793103, 0.13448275862068965, 0.10344827586206896, 0.08620689655172414, 0.09310344827586207, 0.11724137931034483, 0.11379310344827587]}, "in_degree": {"edges": [3.0, 6.0, 7.0, 8.0, 9.0, 10.0, 11.0, 12.0, 13.0, 14.0, 26.0], "props": [0.07241379310344828, 0.07931034482758621, 0.09655172413793103, 0.1, 0.1206896551724138, 0.12413793103448276, 0.09310344827586207, 0.08275862068965517, 0.08620689655172414, 0.14482758620689656]}, "log_total_out": {"edges": [7.147559271189454, 9.02026859813315, 9.45414769362825, 9.79735742183519, 10.036483783555736, 10.227226109165862, 10.47980939814198, 10.749221277337284, 11.320883682623649, 12.121133081205818, 14.840419254244605], "props": [0.1, 0.1, 0.1, 0.1, 0.1, 0.1, 0.1, 0.1, 0.1, 0.1]}, "log_total_in": {"edges": [7.403061091090091, 9.071535046021143, 9.529935159869796, 9.84596410112515, 10.075211464413993, 10.292162206031843, 10.564444638864604, 10.811309009467688, 11.207726144838707, 12.177303781523241, 14.834347408794638], "props": [0.1, 0.1, 0.1, 0.1, 0.1, 0.1, 0.1, 0.1, 0.1, 0.1]}, "distinct_receivers": {"edges": [2.0, 5.0, 7.0, 8.0, 9.0, 10.400000000000034, 11.300000000000011, 13.0, 14.0, 28.0], "props": [0.06228373702422145, 0.1245674740484429, 0.09342560553633218, 0.09342560553633218, 0.22491349480968859, 0.10034602076124567, 0.09688581314878893, 0.07958477508650519, 0.1245674740484429]}, "distinct_senders": {"edges": [3.0, 6.0, 7.0, 8.0, 9.0, 10.0, 11.0, 12.0, 14.0, 26.0], "props": [0.07958477508650519, 0.07958477508650519, 0.09688581314878893, 0.12110726643598616, 0.11764705882352941, 0.1314878892733564, 0.10034602076124567, 0.14878892733564014, 0.1245674740484429]}, "cash_ratio": {"edges": [0.0, 0.11764705882352941, 0.17361319340329837, 0.2, 0.22388888888888892, 0.25, 0.2777777777777778, 0.3084880636604775, 0.3450928381962865, 0.4090909090909091, 0.5789473684210527], "props": [0.0896551724137931, 0.1103448275862069, 0.06896551724137931, 0.1310344827586207, 0.07586206896551724, 0.1206896551724138, 0.10344827586206896, 0.1, 0.0896551724137931, 0.1103448275862069]}, "cross_border_ratio": {"edges": [0.0, 0.21052631578947367], "props": [1.0]}, "log_max_amount": {"edges": [8.594339400592892, 9.012011377036412, 9.392745258631441, 9.99884318585288, 10.0679244900046, 11.158067393281588, 11.96745409670712, 13.815511557963774], "props": [0.06968641114982578, 0.1254355400696864, 0.2682926829268293, 0.23344947735191637, 0.10104529616724739, 0.0975609756097561, 0.10452961672473868]}, "log_mean_amount": {"edges": [6.576933713869739, 7.420577286697184, 7.66374917182179, 7.780409862782413, 7.93856987622058, 8.067713209881951, 8.249586773541507, 8.48234568217831, 9.043367631289463, 9.698132078298585, 11.90024411042623], "props": [0.1, 0.1, 0.1, 0.1, 0.1, 0.1, 0.1, 0.1, 0.1, 0.1]}, "sanctioned_touch": {"edges": [0.0, 1.0], "props": [1.0]}, "structuring_ratio": {"edges": [0.0, 0.041666666666666664, 0.05263157894736842, 0.06666666666666667, 0.08695652173913043, 0.11764705882352941, 0.14338624338624334, 0.4074074074074074], "props": [0.3797909407665505, 0.10104529616724739, 0.10104529616724739, 0.10452961672473868, 0.10104529616724739, 0.11149825783972125, 0.10104529616724739]}, "log_time_span_min": {"edges": [11.077114545009684, 11.51151124106241, 11.585527003931967, 11.632184738184527, 11.66146890608176, 11.686155821186652, 11.701323522374548, 11.713431115780912, 11.728464159630303, 11.744404563664947, 11.767645199719182], "props": [0.1, 0.1, 0.1, 0.1, 0.1, 0.1, 0.1, 0.1, 0.1, 0.1]}, "log_min_gap_min": {"edges": [0.0, 2.772588722239781, 3.883485758830513, 4.427223941529299, 4.758740437321199, 5.170483995038151, 5.389825465352517, 5.75890177387728, 6.111428352205913, 6.683610945896483, 8.183118079394745], "props": [0.09310344827586207, 0.10689655172413794, 0.1, 0.1, 0.09655172413793103, 0.10344827586206896, 0.09655172413793103, 0.10344827586206896, 0.1, 0.1]}, "burstiness": {"edges": [0.42226494947927645, 0.7331193390444596, 0.7911669698845458, 0.8284364855382058, 0.8933322227089386, 0.9255234879393173, 0.9871823162964133, 1.025476744247887, 1.096391372148629, 1.2249833533967447, 1.7442534282093975], "props": [0.1, 0.1, 0.1, 0.1, 0.1, 0.1, 0.1, 0.1, 0.1, 0.1]}, "night_ratio": {"edges": [0.0, 0.21428571428571427, 0.25, 0.29338235294117654, 0.3333333333333333, 0.3550420168067227, 0.38095238095238093, 0.40989304812834226, 0.4444444444444444, 0.5, 0.7857142857142857], "props": [0.09655172413793103, 0.08275862068965517, 0.1206896551724138, 0.08620689655172414, 0.11379310344827587, 0.0896551724137931, 0.1103448275862069, 0.09310344827586207, 0.08620689655172414, 0.1206896551724138]}}